City_ID,City,Lat,Lng,Max Temp,Humidity,Cloudiness,Wind Speed,Country,Date
0,vorgashor,67.5833,63.95,255.32,98,97,2.03,RU,1702575116
1,bismarck,46.8083,-100.7837,276.96,77,0,6.17,US,1702575116
2,invercargill,-46.4,168.35,285.63,78,99,4.34,NZ,1702575116
3,bethel,41.3712,-73.414,276.6,51,0,4.12,US,1702575117
4,grytviken,-54.2811,-36.5092,279.67,65,48,1.96,GS,1702575117
5,umrala,21.8333,71.8167,297.69,50,1,3.4,IN,1702575117
6,mount gambier,-37.8333,140.7667,285.23,88,58,1.67,AU,1702575079
7,arkhangel'sk,64.5401,40.5433,261.21,85,75,4.0,RU,1702575118
8,itamarandiba,-17.8572,-42.8589,304.34,23,1,3.96,BR,1702575101
9,kirakira,-10.4544,161.9205,297.96,83,32,2.37,SB,1702575118
10,tiksi,71.6872,128.8694,254.06,99,100,3.16,RU,1702575119
11,prince rupert,54.3161,-130.3201,279.98,70,100,11.83,CA,1702575112
12,kargasok,59.0556,80.8572,259.8,91,100,4.02,RU,1702575119
13,lebu,-37.6167,-73.65,287.96,66,54,4.23,CL,1702575119
14,papatowai,-46.5619,169.4708,285.7,75,100,3.49,NZ,1702575120
15,port-aux-francais,-49.35,70.2167,278.73,72,8,11.42,TF,1702575120
16,imeni morozova,59.9757,31.0376,268.17,97,94,1.88,RU,1702575120
17,adamstown,-25.066,-130.1015,296.2,85,13,6.27,PN,1702575121
18,kailua-kona,19.6406,-155.9956,296.13,90,75,10.29,US,1702575121
19,mulayjah,27.271,48.4242,290.48,39,0,4.3,SA,1702575121
20,avarua,-21.2078,-159.775,298.18,83,100,1.03,CK,1702575121
21,blackmans bay,-43.0167,147.3167,283.56,71,73,0.45,AU,1702575122
22,anadyr,64.75,177.4833,264.43,78,75,14.0,RU,1702575123
23,west island,-12.1568,96.8225,300.14,78,30,5.14,CC,1702575123
24,usinsk,65.9939,57.5281,258.25,96,99,4.72,RU,1702575124
25,lihue,21.9789,-159.3672,294.92,63,100,11.32,US,1702575125
26,polyarnyy,69.1989,33.4478,258.1,99,73,4.76,RU,1702575125
27,hadibu,12.65,54.0333,298.61,75,9,5.48,YE,1702575126
28,hawaiian paradise park,19.5933,-154.9731,294.88,96,100,8.75,US,1702574966
29,flin flon,54.7682,-101.865,275.06,60,100,4.12,CA,1702575126
30,pader,3.05,33.2167,299.52,44,93,0.71,UG,1702575127
31,niamey,13.5137,2.1098,302.31,11,0,5.14,NE,1702575128
32,longyearbyen,78.2186,15.6401,270.06,74,20,2.57,SJ,1702575128
33,college,64.8569,-147.8028,248.96,77,75,0.0,US,1702575129
34,iqaluit,63.7506,-68.5145,252.0,71,75,2.57,CA,1702575129
35,saipan,15.1355,145.701,300.54,78,40,6.69,MP,1702575130
36,malango,-2.9627,119.9001,293.74,97,100,1.07,ID,1702575130
37,la passe,45.5549,-0.8967,283.28,84,95,2.57,FR,1702575131
38,wailua homesteads,22.0669,-159.378,294.59,71,100,11.32,US,1702575131
39,qaqortoq,60.7167,-46.0333,254.8,73,6,3.42,GL,1702575132
40,maffra,-37.9667,146.9833,286.8,88,10,2.57,AU,1702575132
41,bredasdorp,-34.5322,20.0403,291.01,60,72,4.11,ZA,1702575133
42,santiago,-33.4569,-70.6483,300.84,34,0,7.2,CL,1702574987
43,aasiaat,68.7098,-52.8699,256.69,97,96,3.37,GL,1702575134
44,mejit,10.2753,170.8646,300.61,79,78,9.95,MH,1702575135
45,zouerate,22.7187,-12.4521,296.41,14,5,4.06,MR,1702575135
46,gorodishche,48.8045,44.4744,263.64,67,98,7.0,RU,1702574992
47,bilibino,68.0546,166.4372,250.92,91,99,3.3,RU,1702575136
48,yellowknife,62.456,-114.3525,259.44,72,40,8.23,CA,1702574910
49,rio grande,-32.035,-52.0986,308.21,70,100,2.05,BR,1702575138
50,jamestown,42.097,-79.2353,278.92,65,0,5.14,US,1702574976
51,isafjordur,66.0755,-23.124,272.17,86,75,1.54,IS,1702575139
52,kudat,6.8837,116.8477,300.11,89,100,1.54,MY,1702575139
53,shache,38.4167,77.2406,269.33,38,93,2.05,CN,1702575140
54,ust-nera,64.5667,143.2,250.85,97,100,3.0,RU,1702575140
55,masuguru,-11.3667,38.4167,302.84,54,93,3.7,TZ,1702575141
56,ushuaia,-54.8,-68.3,284.94,40,0,4.63,AR,1702574951
57,hammerfest,70.6634,23.6821,266.4,68,0,5.66,NO,1702575142
58,colonia,50.9333,6.95,279.18,87,100,2.06,DE,1702574905
59,puerto natales,-51.7236,-72.4875,285.4,43,0,3.09,CL,1702575143
60,sao vicente,-23.9631,-46.3919,305.25,63,100,2.24,BR,1702575145
61,edinburgh of the seven seas,-37.0676,-12.3116,289.96,94,96,9.84,SH,1702575145
62,punta arenas,-53.15,-70.9167,286.21,30,100,7.2,CL,1702575146
63,waitangi,-43.9535,-176.5597,284.72,83,47,0.89,NZ,1702575147
64,kone,-21.0595,164.8658,294.98,83,12,1.19,NC,1702575148
65,mont-joli,48.5839,-68.1921,266.87,68,75,5.66,CA,1702575149
66,lagoa,39.05,-27.9833,288.74,73,83,7.07,PT,1702575149
67,nagqu,31.5,92.0,249.85,83,48,1.37,CN,1702575150
68,greenville,35.6127,-77.3663,283.23,30,0,3.09,US,1702575013
69,revda,56.801,59.9303,258.03,87,100,1.43,RU,1702575151
70,georgetown,5.4112,100.3354,300.9,89,20,3.09,MY,1702574880
71,soba,10.9813,8.0575,295.69,26,34,3.66,NG,1702575152
72,alta,69.9689,23.2717,260.74,74,0,7.72,NO,1702575153
73,broken hill,-31.95,141.4333,292.35,53,0,5.01,AU,1702575133
74,talnakh,69.4865,88.3972,251.04,98,100,4.07,RU,1702575155
75,isabela,6.7085,121.9711,299.07,86,30,1.77,PH,1702575155
76,mossendjo,-2.9506,12.7261,295.32,97,100,1.03,CG,1702575155
77,dudinka,69.4058,86.1778,251.27,94,100,8.05,RU,1702575156
78,olonkinbyen,70.9221,-8.7187,274.77,97,87,12.28,SJ,1702575157
79,ola,59.5833,151.2833,261.01,63,99,7.52,RU,1702575157
80,puerto ayora,-0.7393,-90.3518,304.13,84,83,4.6,EC,1702575158
81,callao,-12.0667,-77.15,296.31,68,75,4.12,PE,1702575158
82,chonchi,-42.6128,-73.8092,287.71,66,100,4.1,CL,1702575159
83,nuuk,64.1835,-51.7216,265.49,62,75,3.6,GL,1702575160
84,verkhniy baskunchak,48.2256,46.7217,266.2,76,21,5.24,RU,1702575160
85,tura,25.5198,90.2201,286.74,59,10,1.65,IN,1702575161
86,atafu village,-8.5421,-172.5159,299.78,83,100,6.06,TK,1702575162
87,slantsy,59.1182,28.0914,266.35,98,96,0.95,RU,1702575016
88,ilulissat,69.2167,-51.1,264.16,73,75,4.63,GL,1702575162
89,alesund,62.4723,6.1549,279.23,65,40,4.63,NO,1702575163
90,zaozersk,69.4005,32.4476,255.0,99,58,2.74,RU,1702575163
91,nar'yan-mar,67.6713,53.087,258.21,96,95,2.68,RU,1702575164
92,kenai,60.5544,-151.2583,260.45,92,0,0.0,US,1702575164
93,xai-xai,-25.0519,33.6442,298.86,86,49,5.02,MZ,1702575165
94,kez,57.8979,53.7152,260.33,93,100,2.66,RU,1702575165
95,petropavlovsk-kamchatsky,53.0452,158.6483,266.18,73,0,12.07,RU,1702575166
96,whitehorse,60.7161,-135.0538,269.58,86,100,8.75,CA,1702575166
97,hamilton,39.1834,-84.5333,282.54,45,0,2.06,US,1702574997
98,port elizabeth,-33.918,25.5701,293.2,90,100,7.2,ZA,1702575166
99,akjoujt,19.6969,-14.4164,300.86,12,71,3.51,MR,1702575167
100,constantia,44.1833,28.65,281.53,78,100,4.63,RO,1702575167
101,tenenkou,14.4572,-4.9169,299.34,11,5,3.49,ML,1702575167
102,pavlovsk,50.4578,40.1081,269.78,84,100,8.09,RU,1702575168
103,castillos,-34.1667,-53.8333,297.97,74,98,3.28,UY,1702575168
104,hualien city,23.9769,121.6044,295.55,65,37,2.68,TW,1702575169
105,albany,42.6001,-73.9662,275.69,58,43,3.73,US,1702575141
106,itoman,26.1247,127.6694,295.58,90,20,2.57,JP,1702575169
107,el jadid,33.2549,-8.506,289.12,61,0,10.71,MA,1702575169
108,kiama,-34.6833,150.8667,294.26,89,63,1.82,AU,1702575170
109,alice springs,-23.7,133.8833,300.9,30,51,6.69,AU,1702575057
110,slave lake,55.2834,-114.769,274.14,47,100,2.57,CA,1702575170
111,lompoc,34.6391,-120.4579,293.03,62,0,4.63,US,1702575037
112,new castle,41.0037,-80.347,279.2,47,0,5.14,US,1702575086
113,hermanus,-34.4187,19.2345,290.75,69,31,5.03,ZA,1702575171
114,magadan,59.5667,150.8,260.67,69,100,5.17,RU,1702575172
115,farmville,37.3021,-78.3919,282.56,39,0,0.0,US,1702575172
116,jackson,42.4165,-122.8345,279.74,85,20,1.54,US,1702575006
117,margaret river,-33.95,115.0667,285.91,72,97,5.61,AU,1702575172
118,fort st. john,56.2499,-120.8529,271.09,64,75,5.14,CA,1702575173
119,tazacorte,28.629,-17.9293,294.34,76,75,6.71,ES,1702575173
120,port mathurin,-19.6833,63.4167,299.79,74,3,6.05,MU,1702575174
121,beyneu,45.3167,55.2,270.86,47,100,7.77,KZ,1702575174
122,crane,31.3974,-102.3501,284.43,94,100,7.25,US,1702575175
123,arraial do cabo,-22.9661,-42.0278,305.13,58,0,10.8,BR,1702575175
124,abaete,-19.16,-45.4458,309.13,24,33,1.53,BR,1702575175
125,howrah,22.5892,88.3103,290.15,72,20,0.0,IN,1702575176
126,khash,28.2211,61.2158,286.46,66,90,9.13,IR,1702575176
127,yuzhno-kurilsk,44.0306,145.8556,270.58,69,100,11.97,RU,1702575176
128,arizona city,32.7559,-111.671,288.15,34,0,1.05,US,1702575177
129,souillac,-20.5167,57.5167,300.36,78,20,2.06,MU,1702575177
130,majene,-3.5403,118.9707,299.33,84,96,2.73,ID,1702575178
131,upata,8.0086,-62.3989,303.26,47,87,1.41,VE,1702575179
132,igarka,67.4667,86.5833,250.17,97,100,5.73,RU,1702575179
133,nemuro,43.3236,145.575,270.06,63,86,9.35,JP,1702575180
134,tuensang,26.2833,94.8333,283.33,96,14,0.99,IN,1702575180
135,kars,40.602,43.095,270.4,86,0,3.6,TR,1702575180
136,kertih,4.5141,103.4483,298.16,100,100,0.0,MY,1702575181
137,vilyuchinsk,52.9306,158.4028,267.0,75,100,13.46,RU,1702575181
138,yaring,6.8662,101.3689,299.98,89,100,4.64,TH,1702575182
139,durango,24.8333,-104.8333,290.22,31,70,0.61,MX,1702575014
140,flying fish cove,-10.4217,105.6791,297.97,83,75,2.57,CX,1702575182
141,kodinar,20.7903,70.7031,295.7,73,1,2.27,IN,1702575183
142,madinat ash shamal,26.1293,51.2009,294.47,53,0,8.94,QA,1702575183
143,kaa-khem,51.6833,94.7333,243.62,98,100,0.11,RU,1702575184
144,belo jardim,-8.3356,-36.4242,300.32,53,63,6.42,BR,1702575155
145,concepcion huista,15.6167,-91.6833,293.12,62,79,2.16,GT,1702575185
146,nouadhibou,20.931,-17.0347,299.14,36,33,4.63,MR,1702575186
147,novonikolayevskiy,50.9738,42.3649,267.05,86,100,7.37,RU,1702575186
148,darnah,32.767,22.6367,292.56,44,81,8.59,LY,1702575187
149,touros,-5.1989,-35.4608,302.86,56,15,7.18,BR,1702575187
150,chipinge,-20.1883,32.6236,292.74,90,94,1.7,ZW,1702575188
151,pushchino,54.8339,37.6264,264.63,95,100,5.94,RU,1702574938
152,hinton,53.4001,-117.5857,272.87,84,100,0.99,CA,1702575188
153,naze,28.3667,129.4833,292.66,70,0,3.59,JP,1702575189
154,lata,40.1629,-8.3327,285.27,78,1,1.48,PT,1702575190
155,gebeit,21.0667,36.3167,291.64,57,0,3.49,SD,1702575190
156,chilecito,-29.1619,-67.4974,308.88,23,2,3.97,AR,1702575190
157,gamay,12.3854,125.2979,298.89,89,89,3.52,PH,1702575191
158,coquimbo,-29.9533,-71.3436,292.0,68,40,6.69,CL,1702575191
159,labrador city,52.9463,-66.9114,262.1,73,100,3.6,CA,1702575010
160,sept-iles,50.2001,-66.3821,268.39,64,40,5.14,CA,1702575192
161,del rio,29.3627,-100.8968,286.16,93,100,5.66,US,1702575193
162,ribeira grande,38.5167,-28.7,290.37,77,75,7.72,PT,1702575193
163,phrae,18.0833,100.0,293.68,85,62,0.26,TH,1702575193
164,port alfred,-33.5906,26.891,291.03,86,51,1.79,ZA,1702575194
165,sirte,31.2089,16.5887,294.69,36,65,4.12,LY,1702575194
166,porto novo,6.4965,2.6036,303.05,59,0,3.04,BJ,1702575171
167,dzhambeyty,50.2536,52.595,265.74,57,100,6.64,KZ,1702575195
168,preobrazheniye,42.9019,133.9064,266.12,38,79,2.66,RU,1702575195
169,alofi,-19.0595,-169.9187,297.09,94,100,1.54,NU,1702575196
170,kenora,49.8167,-94.4337,274.69,75,40,8.23,CA,1702575196
171,puerto rico,-26.796,-55.024,308.58,45,100,2.43,AR,1702575197
172,adrar,20.5022,-10.0711,295.2,14,3,4.14,MR,1702575198
173,susuman,62.7833,148.1667,253.7,95,100,4.02,RU,1702575198
174,san miguel panixtlahuaca,16.2484,-97.3843,301.52,36,93,0.8,MX,1702575198
175,makokou,0.5738,12.8642,297.42,60,32,0.92,GA,1702575199
176,buritis,-15.6178,-46.4233,310.95,16,2,4.65,BR,1702575200
177,la'ie,21.6477,-157.9253,295.16,62,52,9.52,US,1702575200
178,floro,61.5996,5.0328,278.69,87,75,7.72,NO,1702575201
179,miquelon,47.0975,-56.3814,270.15,56,100,12.7,PM,1702575201
180,simpang,-1.2667,104.0833,296.76,96,45,1.22,ID,1702575202
181,boa vista,2.8197,-60.6733,306.14,46,40,5.66,BR,1702575202
182,margate,51.3813,1.3862,280.87,92,95,1.79,GB,1702575202
183,nhlangano,-27.1167,31.2,295.06,62,37,2.23,SZ,1702575203
184,rongelap,11.1635,166.8941,300.64,79,92,10.01,MH,1702575204
185,bandarbeyla,9.4942,50.8122,298.72,75,6,10.49,SO,1702575204
186,kapa'a,22.0752,-159.319,295.33,71,100,11.32,US,1702575205
187,tazovsky,67.4667,78.7,256.19,97,100,2.15,RU,1702575205
188,yuza,39.0,139.9167,276.86,81,100,2.13,JP,1702575206
189,strathmore,51.0501,-113.3852,275.82,69,100,4.63,CA,1702575000
190,nadi,-17.8,177.4167,296.15,78,20,2.06,FJ,1702575207
191,kapuskasing,49.4169,-82.4331,276.2,75,75,8.75,CA,1702575207
192,thinadhoo,0.5333,72.9333,301.75,68,72,3.66,MV,1702575208
193,tobol'sk,58.2,68.2667,253.49,81,78,4.47,RU,1702575208
194,yebaishou,41.3975,119.6408,258.89,89,100,7.82,CN,1702575209
195,jayapura,-2.5333,140.7,297.81,91,84,1.74,ID,1702575209
196,uturoa,-16.7333,-151.4333,300.37,81,44,9.05,PF,1702575210
197,hithadhoo,-0.6,73.0833,301.56,73,42,3.14,MV,1702575210
198,utrik,11.2278,169.8474,300.34,79,89,9.25,MH,1702575210
199,nieuw amsterdam,5.8833,-55.0833,306.24,67,40,4.12,SR,1702575211
200,dakoro,14.5106,6.765,295.15,17,0,4.48,NE,1702575211
201,novaya igirma,57.1334,103.9112,249.57,96,100,2.85,RU,1702575212
202,malyye derbety,47.9547,44.6808,268.83,87,46,5.59,RU,1702575212
203,palmer,42.1584,-72.3287,274.85,41,75,3.6,US,1702575212
204,jinchang,38.4953,102.1739,263.13,45,100,5.85,CN,1702575213
205,gadzhiyevo,69.2551,33.3362,256.97,99,84,4.65,RU,1702575213
206,richards bay,-28.783,32.0377,296.77,81,57,8.17,ZA,1702575214
207,semporna,4.4818,118.6112,298.88,89,55,2.45,MY,1702575214
208,gulf breeze,30.3571,-87.1639,291.75,35,0,6.69,US,1702575214
209,thompson,55.7435,-97.8558,274.24,69,75,3.6,CA,1702575215
210,weatherford,32.7593,-97.7972,286.4,54,65,0.45,US,1702575215
211,queenstown,-31.8976,26.8753,287.36,75,46,5.01,ZA,1702575216
212,trinidad,-14.8333,-64.9,301.14,83,75,1.54,BO,1702575214
213,grimmen,54.1121,13.0405,275.92,88,94,1.58,DE,1702575217
214,enewetak,11.3474,162.3373,300.99,79,98,9.98,MH,1702575217
215,dhidhdhoo,6.8833,73.1,301.06,75,100,1.4,MV,1702575218
216,codrington,-38.2667,141.9667,285.97,89,100,3.06,AU,1702575218
217,mount isa,-20.7333,139.5,299.02,83,40,3.09,AU,1702575218
218,kosh-agach,50.0,88.6667,242.21,91,58,0.89,RU,1702575219
219,pisco,-13.7,-76.2167,296.49,78,0,4.63,PE,1702575219
220,yermentau,51.6214,73.1069,253.06,72,10,2.28,KZ,1702575220
221,axim,4.8699,-2.2405,300.86,64,0,3.97,GH,1702575220
222,raahe,64.6833,24.4833,264.8,96,96,2.1,FI,1702575221
223,lamar,33.6668,-95.5836,288.14,41,0,7.2,US,1702574935
224,opuwo,-18.0607,13.84,298.81,26,99,5.66,NA,1702575221
225,yatou,37.15,122.3833,277.32,92,100,10.22,CN,1702575222
226,boguchany,58.3814,97.4531,250.58,98,99,1.77,RU,1702575222
227,brookings,44.3114,-96.7984,280.42,65,0,5.66,US,1702575051
228,ancud,-41.8697,-73.8203,286.31,74,99,7.4,CL,1702575223
229,westport,41.1415,-73.3579,277.53,47,0,4.12,US,1702575223
230,khorixas,-20.3667,14.9667,297.08,25,88,6.08,NA,1702575224
231,sinabang,2.4803,96.3801,299.64,83,94,2.34,ID,1702575224
232,saint-philippe,-21.3585,55.7679,299.92,85,50,4.84,RE,1702575224
233,essaouira,31.5125,-9.77,295.87,33,20,7.72,MA,1702575224
234,beri khas,28.7,76.5833,288.1,27,57,1.87,IN,1702575225
235,iskateley,67.6803,53.1512,258.16,96,95,2.68,RU,1702575225
236,daru,-9.0763,143.2092,298.78,89,99,2.57,PG,1702575225
237,askoy,60.4092,5.226,275.79,100,75,7.2,NO,1702575226
238,stanley,54.868,-1.6985,278.03,92,0,3.6,GB,1702575016
239,santa terezinha,-29.9002,-50.0904,300.32,68,100,3.08,BR,1702575226
240,vilyuysk,63.7553,121.6247,242.04,100,99,0.86,RU,1702575227
241,karratha,-20.7377,116.8463,298.88,72,0,4.59,AU,1702575227
242,fale old settlement,-9.3852,-171.2468,298.68,92,100,4.85,TK,1702575227
243,badger,64.8,-147.5333,248.91,79,20,0.0,US,1702575228
244,malmberget,67.1753,20.6549,248.46,77,100,1.03,SE,1702575228
245,inarajan village,13.2736,144.7484,301.23,86,93,9.57,GU,1702575228
246,lazaro cardenas,17.9583,-102.2,303.91,42,100,1.79,MX,1702575228
247,port moresby,-9.4431,147.1797,297.83,88,20,1.54,PG,1702575056
248,lido di ostia,41.7321,12.2765,287.01,57,0,3.6,IT,1702575229
249,gueret,46.1667,1.8667,276.32,97,99,1.34,FR,1702575103
250,djibo,14.1022,-1.6306,298.01,14,0,4.0,BF,1702575229
251,mizdah,31.4451,12.9801,289.37,33,21,3.42,LY,1702575230
252,sandnessjoen,66.0217,12.6316,271.21,59,0,2.57,NO,1702575230
253,san antonio oeste,-40.7319,-64.9477,303.58,31,82,12.25,AR,1702575166
254,laguna,38.421,-121.4238,287.64,85,0,1.54,US,1702575230
255,colares,38.7992,-9.4469,288.01,69,0,8.05,PT,1702575231
256,abashiri,44.0213,144.2697,269.3,61,70,10.35,JP,1702575231
257,mil'kovo,55.6078,37.7956,264.5,94,100,5.86,RU,1702575231
258,alo,7.4178,6.7371,303.0,24,14,1.45,NG,1702575232
259,vadso,70.0744,29.7487,265.24,86,75,5.66,NO,1702575232
260,luena,-11.7833,19.9167,291.21,91,98,1.11,AO,1702575232
261,strelka,58.0728,93.0344,251.68,97,100,2.11,RU,1702575233
262,dauphin,51.1494,-100.0502,278.23,45,0,10.8,CA,1702575233
263,ballina,-28.8667,153.5667,296.36,85,100,1.96,AU,1702575233
264,soma,39.1855,27.6094,284.68,75,79,2.42,TR,1702575234
265,vrangel',42.7297,133.0839,265.69,36,84,3.5,RU,1702575234
266,iowa falls,42.5225,-93.2513,281.37,45,0,3.09,US,1702575234
267,kamensk-ural'skiy,56.4185,61.9329,257.16,84,100,3.99,RU,1702575235
268,waingapu,-9.6567,120.2641,299.53,79,98,2.97,ID,1702575235
269,reggio calabria,38.3167,16.0833,282.77,91,100,3.02,IT,1702575235
270,nadym,65.5333,72.5167,256.23,96,100,2.13,RU,1702575236
271,cabo san lucas,22.8909,-109.9124,299.32,54,20,1.54,MX,1702575000
272,boda,4.3189,17.4695,300.01,36,79,1.71,CF,1702575236
273,formosa do rio preto,-11.0483,-45.1931,311.3,15,0,3.8,BR,1702575237
274,xilin hot,43.9667,116.0333,252.76,98,100,6.03,CN,1702575237
275,new norfolk,-42.7826,147.0587,284.22,95,69,1.44,AU,1702575237
276,perry,37.2506,-83.1999,283.25,34,0,1.42,US,1702575238
277,karungdong,5.8844,121.263,299.92,82,61,1.0,PH,1702575238
278,houghton,47.1219,-88.569,281.86,50,0,11.32,US,1702574987
279,hilo,19.7297,-155.09,295.0,96,100,8.75,US,1702575058
280,baardheere,2.3446,42.2764,302.83,63,82,7.36,SO,1702575239
281,as suki,13.3167,33.8833,299.11,25,32,4.48,SD,1702575239
282,ardakan,32.31,54.0175,283.13,69,90,1.77,IR,1702575240
283,mata-utu,-13.2816,-176.1745,299.95,82,100,6.91,WF,1702575240
284,fort mcmurray,56.7268,-111.381,273.92,59,0,4.63,CA,1702575241
285,dem'yanovo,60.3511,47.0842,259.97,95,99,2.88,RU,1702575241
286,hutchinson,38.0608,-97.9298,281.81,64,100,3.09,US,1702575104
287,minot air force base,48.4209,-101.3391,275.92,74,0,5.14,US,1702575242
288,ciudad bolivar,8.1222,-63.5497,306.92,43,100,3.25,VE,1702575243
289,mikulov,48.8056,16.6378,280.44,100,95,4.76,CZ,1702575243
290,tarakan,3.3,117.6333,299.87,100,75,1.03,ID,1702575244
291,nacala,-14.5428,40.6728,299.87,84,10,2.4,MZ,1702575244
292,kalmunai,7.4167,81.8167,298.72,87,100,2.31,LK,1702575245
293,yeppoon,-23.1333,150.7333,295.03,87,0,1.94,AU,1702575245
294,tutoia,-2.7619,-42.2744,302.8,65,86,7.21,BR,1702575245
295,boonville,38.9736,-92.7432,285.72,47,0,4.12,US,1702575199
296,tshabong,-26.05,22.45,302.57,12,91,4.92,BW,1702575246
297,fortaleza,-3.7227,-38.5247,304.22,55,0,8.75,BR,1702575230
298,la palma,33.8464,-118.0467,294.33,47,0,2.06,US,1702575248
299,bengkulu,-3.8004,102.2655,296.75,88,92,1.47,ID,1702575248
300,keflavik,64.0049,-22.5624,275.1,80,75,14.4,IS,1702575249
301,yerofey pavlovich,53.9667,121.9667,240.39,94,7,1.47,RU,1702575249
302,carnarvon,-24.8667,113.6333,297.49,66,0,8.83,AU,1702575250
303,trujillo,-8.116,-79.03,295.13,78,40,4.12,PE,1702575250
304,sijunjung,-0.6876,100.9537,295.92,98,93,0.79,ID,1702575250
305,poronaysk,49.2167,143.1167,258.25,83,88,4.57,RU,1702575251
306,pavlogradka,54.2024,73.5592,246.85,85,58,2.09,RU,1702575251
307,reyes,-14.3167,-67.3833,307.24,59,40,3.09,BO,1702575252
308,bangassou,4.7413,22.8184,295.94,43,42,0.73,CF,1702575252
309,revelstoke,50.9832,-118.2023,271.16,100,100,2.06,CA,1702575018
310,geraldton,-28.7667,114.6,292.38,77,20,6.17,AU,1702575253
311,chelghoum el aid,36.1629,6.1665,280.47,80,88,6.52,DZ,1702575253
312,muli,2.9167,73.5667,299.64,85,100,6.03,MV,1702575253
313,klyuchi,52.2667,79.1667,252.63,78,33,1.94,RU,1702575254
314,severoural'sk,60.1533,59.952,259.51,89,100,1.83,RU,1702575254
315,villa union,23.2,-106.2333,299.77,47,100,0.0,MX,1702575255
316,kuqa,41.7278,82.9364,264.0,55,9,0.98,CN,1702575255
317,hasaki,35.7333,140.8333,284.42,63,100,0.2,JP,1702575256
318,nizhniy kuranakh,58.8353,125.4869,247.85,93,100,4.86,RU,1702575256
319,moussoro,13.6408,16.4901,297.07,18,64,4.94,TD,1702575257
320,aykhal,66.0,111.5,246.26,98,100,2.62,RU,1702575257
321,umba,66.6871,34.3429,265.26,95,100,0.35,RU,1702575257
322,le port,-20.9373,55.2919,300.15,100,26,3.45,RE,1702575258
323,bethanie,-26.4833,17.15,296.23,21,2,7.5,NA,1702575258
324,kodiak,57.79,-152.4072,269.88,68,75,9.26,US,1702575210
325,tolanaro,-25.0319,46.9987,299.19,83,20,9.26,MG,1702575259
326,guerrero negro,27.9769,-114.0611,293.3,33,0,1.59,MX,1702575260
327,ocean city,39.2776,-74.5746,278.7,47,30,1.34,US,1702575260
328,meadow lakes,61.6247,-149.6011,267.15,87,84,1.5,US,1702575261
329,udachny,66.4167,112.4,244.51,75,100,2.51,RU,1702574962
330,urrao,6.3152,-76.1342,294.18,78,94,1.0,CO,1702575262
331,shahrud,36.4182,54.9763,276.75,79,100,2.03,IR,1702575262
332,bemidji,47.4736,-94.8803,281.58,68,0,4.12,US,1702575262
333,houlton,46.1262,-67.8403,268.38,54,0,5.66,US,1702575263
334,guiuan,11.0333,125.7247,301.57,77,100,7.07,PH,1702575264
335,letterkenny,54.95,-7.7333,282.11,79,100,4.16,IE,1702575264
336,vila franca do campo,37.7167,-25.4333,291.42,99,100,6.08,PT,1702575265
337,cidreira,-30.1811,-50.2056,300.43,69,100,3.97,BR,1702575265
338,lorengau,-2.0226,147.2712,299.86,83,68,1.03,PG,1702575266
339,bamboo flat,11.7,92.7167,301.2,89,40,1.54,IN,1702575266
340,calama,-22.4667,-68.9333,298.42,11,0,9.77,CL,1702575268
341,dunedin,-45.8742,170.5036,284.71,84,100,2.68,NZ,1702575069
342,gembu,6.7,11.2667,293.35,38,4,1.9,NG,1702575269
343,hola,51.5377,23.1902,275.25,100,100,3.25,PL,1702575270
344,weinzierl bei krems,48.4,15.6,281.38,89,96,3.96,AT,1702575270
345,brigantine,39.4101,-74.3646,278.72,47,0,4.12,US,1702575271
346,papao,-17.75,-149.55,300.97,80,100,6.53,PF,1702575271
347,zhuangyuan,37.2975,120.8256,272.46,91,100,7.56,CN,1702575272
348,bhimunipatnam,17.8833,83.4333,293.88,74,49,2.62,IN,1702575272
349,bel ombre,-4.6167,55.4167,300.06,89,75,1.54,SC,1702575272
350,kiunga,-6.1219,141.2906,296.26,100,100,1.11,PG,1702575273
351,nova sintra,14.8667,-24.7167,294.87,74,81,7.47,CV,1702575273
352,akrehamn,59.2667,5.1833,276.71,87,75,8.75,NO,1702575274
353,guercif,34.2257,-3.3536,286.89,43,0,2.38,MA,1702575274
354,taroa,8.7058,171.2275,300.79,83,49,9.97,MH,1702575275
355,taghazout,30.5426,-9.7112,294.58,57,0,0.13,MA,1702575275
356,vikhorevka,56.1201,101.1636,246.92,98,100,1.5,RU,1702575276
357,ad-damazin,11.7891,34.3592,300.2,29,33,3.52,SD,1702575276
358,san jose del cabo,23.0589,-109.6977,299.67,63,40,5.14,MX,1702575276
359,saint-pierre,-21.3393,55.4781,299.97,78,100,1.03,RE,1702575277
360,mazamari,-11.3258,-74.5308,301.51,80,78,1.09,PE,1702575277
361,inhambane,-23.865,35.3833,301.14,83,40,4.63,MZ,1702575278
362,kidal,18.4411,1.4078,295.97,12,10,3.76,ML,1702575278
363,scarborough,54.2797,-0.4044,279.91,90,6,1.34,GB,1702575073
364,le vauclin,14.5452,-60.8388,301.18,69,75,6.17,MQ,1702575190
365,itaituba,-4.2761,-55.9836,307.24,62,20,3.09,BR,1702575279
366,mega,4.05,38.3,292.24,69,97,4.09,ET,1702575279
367,santa cruz,-17.8,-63.1667,309.18,44,75,9.26,BO,1702575247
368,tralee,52.2704,-9.7026,282.29,87,75,2.57,IE,1702575280
369,vanimo,-2.6741,141.3028,298.62,91,88,2.26,PG,1702575280
370,minas de marcona,-15.2119,-75.1103,295.32,61,16,4.76,PE,1702575281
371,dangriga,16.9692,-88.2321,299.61,76,28,3.4,BZ,1702575281
372,banda aceh,5.5577,95.3222,299.09,85,95,1.88,ID,1702575065
373,kerikeri,-35.2268,173.9474,284.93,93,25,1.28,NZ,1702575282
374,koysinceq,36.0821,44.6278,283.34,84,11,0.51,IQ,1702575282
375,port macquarie,-31.4333,152.9167,295.31,66,34,3.86,AU,1702575075
376,kyshtovka,56.555,76.6271,250.01,91,99,3.13,RU,1702575283
377,kolonia town,6.964,158.206,299.15,94,100,0.0,FM,1702575283
378,shahecheng,36.9383,114.5058,265.93,97,100,2.51,CN,1702575284
379,pangody,65.85,74.4859,254.88,98,99,2.18,RU,1702575284
380,myski,53.709,87.8014,254.76,97,100,1.33,RU,1702575285
381,villa regina,-39.1,-67.0667,302.58,15,100,3.13,AR,1702575285
382,acajutla,13.5928,-89.8275,304.79,50,5,1.58,SV,1702575285
383,currais novos,-6.2608,-36.5178,307.54,28,26,7.89,BR,1702575286
384,ufa,54.775,56.0375,258.12,87,100,1.79,RU,1702575286
385,nishinoomote,30.7333,131.0,293.78,83,53,2.9,JP,1702575286
386,san patricio,28.017,-97.5169,293.07,87,100,6.67,US,1702575286
387,akureyri,65.6835,-18.0878,276.11,48,75,7.2,IS,1702575287
388,sumter,28.7086,-82.0831,296.47,58,100,7.81,US,1702575022
389,ruston,32.5232,-92.6379,289.59,32,97,4.23,US,1702575287
390,kadinhani,38.2397,32.2114,277.5,47,51,1.09,TR,1702575287
391,carrizo springs,28.5219,-99.8606,286.49,100,100,2.57,US,1702575288
392,acapulco de juarez,16.8634,-99.8901,304.05,55,75,3.6,MX,1702575213
393,fuyuan,46.4333,127.0833,251.46,87,96,3.82,CN,1702575289
394,bikenibeu village,1.3673,173.1241,299.13,94,75,0.0,KI,1702575289
395,eldorado at santa fe,35.5264,-105.9347,274.99,88,100,4.12,US,1702575289
396,kamwenge,0.1866,30.4539,293.34,70,83,1.0,UG,1702575289
397,palapag,12.5458,125.1147,298.89,89,78,3.94,PH,1702575290
398,pointe-du-lac,46.2869,-72.6845,270.26,67,0,7.2,CA,1702575290
399,sitka,57.0531,-135.33,279.09,75,100,10.29,US,1702575290
400,beberibe,-4.1797,-38.1306,302.83,57,79,5.8,BR,1702575291
401,porto seguro,-16.4497,-39.0647,302.44,70,40,4.63,BR,1702575291
402,nova vicosa,-17.8919,-39.3719,302.22,58,0,5.35,BR,1702575269
403,aqsay,51.1678,52.995,265.16,49,100,6.45,KZ,1702575291
404,parintins,-2.6283,-56.7358,305.2,53,57,0.58,BR,1702575292
405,semur-en-auxois,47.4833,4.3333,278.41,95,100,2.48,FR,1702575292
406,susner,23.95,76.0833,289.9,36,6,2.5,IN,1702575292
407,tamanrasset,22.785,5.5228,294.1,11,0,4.12,DZ,1702575293
408,sakaiminato,35.55,133.2333,285.14,100,75,1.03,JP,1702575293
409,puerto aysen,-45.4,-72.7,281.24,99,100,2.33,CL,1702575293
410,hami,42.8,93.45,261.13,40,38,0.63,CN,1702575294
411,hovd,48.0056,91.6419,253.05,84,76,0.39,MN,1702575294
412,bardai,11.65,7.2333,295.55,25,41,3.86,NG,1702575294
413,isla del bosque,22.7333,-105.85,301.1,35,100,2.19,MX,1702575294
414,dapitan,8.6464,123.4208,299.54,87,72,4.65,PH,1702575295
415,villa gesell,-37.2639,-56.973,294.85,65,48,7.86,AR,1702575295
416,antsiranana,-12.2787,49.2917,299.73,82,68,5.52,MG,1702575295
417,itacare,-14.2775,-38.9967,300.84,70,22,4.24,BR,1702575296
418,dese,11.1333,39.6333,286.1,80,96,1.5,ET,1702575296
419,porto belo,-27.1578,-48.5531,304.87,82,85,5.92,BR,1702575296
420,al burayqah,30.4062,19.5739,293.85,46,73,5.5,LY,1702575296
421,ponto novo,-10.8628,-40.1336,306.02,38,25,6.11,BR,1702575297
422,shimoda,34.6667,138.95,288.0,87,100,1.76,JP,1702575297
423,afaahiti,-17.75,-149.2833,300.08,89,100,6.79,PF,1702575298
424,st. john's,47.5649,-52.7093,271.36,69,75,8.75,CA,1702575006
425,yarmouth,41.7057,-70.2286,275.91,55,0,7.6,US,1702575298
426,laojunmiao,39.8333,97.7333,254.75,88,68,3.33,CN,1702575299
427,baishan,41.9431,126.4286,265.52,94,100,2.15,CN,1702575299
428,sao miguel do araguaia,-13.275,-50.1628,313.23,18,31,3.0,BR,1702575299
429,xam nua,20.4197,104.0439,288.86,90,10,0.96,LA,1702575300
430,izazi,-7.2,35.7333,299.75,58,83,2.23,TZ,1702575300
431,mersa matruh,31.3525,27.2453,294.26,49,0,5.14,EG,1702575300
432,namibe,-15.1961,12.1522,295.17,73,97,4.39,AO,1702575301
433,bubaque,11.2833,-15.8333,300.94,64,74,5.04,GW,1702575301
434,dosso,13.049,3.1937,297.55,17,34,4.02,NE,1702575301
435,anthony,32.004,-106.6058,287.87,65,0,3.09,US,1702575301
436,novyy urgal,51.0736,132.5642,239.23,99,15,0.73,RU,1702575302
437,kabansk,52.0486,106.6528,250.93,97,100,1.74,RU,1702575302
438,eyl,7.9803,49.8164,298.73,75,37,10.21,SO,1702575303
439,hono,57.6897,11.6497,271.59,88,99,4.09,SE,1702575303
440,alenquer,-1.9417,-54.7383,307.92,41,39,2.98,BR,1702575304
441,zhosaly,45.4878,64.0781,265.5,31,100,14.93,KZ,1702575305
442,birao,10.2849,22.7882,296.11,20,51,2.74,CF,1702575306
443,howard springs,-12.497,131.047,300.1,96,99,2.28,AU,1702575307
444,maposeni,-10.5833,35.4,296.83,69,85,1.48,TZ,1702575307
445,praia da vitoria,38.7333,-27.0667,290.24,82,40,6.59,PT,1702575308
446,chaohu,31.6,117.8667,278.66,90,100,6.8,CN,1702575308
447,altay,47.8667,88.1167,249.68,64,4,2.6,CN,1702575309
448,lexington,37.9887,-84.4777,284.09,29,0,2.06,US,1702575309
449,abeche,13.8292,20.8324,296.99,17,10,3.97,TD,1702575310
450,portland,45.5234,-122.6762,281.42,88,100,2.24,US,1702575076
451,mahibadhoo,3.7833,72.9667,298.85,89,100,4.96,MV,1702575310
452,uddevalla,58.3478,11.9424,270.97,96,84,1.33,SE,1702575311
453,korla,41.7597,86.1469,262.17,67,19,1.13,CN,1702575312
454,swakopmund,-22.6833,14.5333,294.62,74,72,4.47,NA,1702575170
455,cruzeiro do sul,-29.5128,-51.9853,310.66,55,99,1.75,BR,1702575313
456,giyani,-23.3025,30.7187,300.27,48,50,2.5,ZA,1702575313
457,kendari,-3.945,122.4989,297.68,94,97,1.2,ID,1702575314
458,monterey,36.2505,-121.2516,285.47,38,88,1.76,US,1702575314
459,walvis bay,-22.9575,14.5053,294.68,56,0,8.23,NA,1702575315
460,elmadag,39.9208,33.2308,280.56,65,27,1.9,TR,1702575315
461,svetlyy,54.675,20.1347,272.57,93,67,0.91,RU,1702575316
462,creel,27.75,-107.6333,287.39,12,0,5.97,MX,1702575316
463,conduaga,8.862,117.4893,299.37,83,100,0.76,PH,1702575317
464,sainte-anne-des-monts,49.124,-66.4924,270.08,68,84,7.72,CA,1702575317
465,kisanga,-7.4362,37.7034,298.45,87,86,2.16,TZ,1702575318
466,severo-yeniseyskiy,60.3725,93.0408,245.69,97,98,2.24,RU,1702575318
467,island harbour,50.724,-1.2758,282.77,92,79,0.45,GB,1702575319
468,vernon,50.2581,-119.2691,275.71,89,100,3.09,CA,1702575104
469,vila velha,-20.3297,-40.2925,304.12,58,20,8.23,BR,1702575320
470,punta del este,-34.9667,-54.95,298.13,93,97,1.34,UY,1702575320
471,morehead city,34.7229,-76.726,283.73,51,0,8.23,US,1702575321
472,mujiayingzi,42.1167,118.7833,257.59,96,100,3.35,CN,1702575321
473,champerico,14.3,-91.9167,306.45,59,34,2.78,GT,1702575322
474,labytnangi,66.6572,66.4183,253.27,93,99,1.33,RU,1702575322
475,al abyar,32.19,20.5965,289.48,49,70,6.05,LY,1702575322
476,juneau,58.3019,-134.4197,278.15,95,100,9.77,US,1702575323
477,felege neway,6.3,36.8833,292.51,77,62,1.63,ET,1702575323
478,tartagal,-22.5164,-63.8013,310.77,33,100,3.45,AR,1702575324
479,as sulayyil,20.4607,45.5779,292.29,23,0,3.67,SA,1702575324
480,mandvi,22.8333,69.3667,295.58,47,1,3.53,IN,1702575325
481,toulepleu guere,6.574,-8.4259,300.31,34,31,1.04,CI,1702575325
482,magadi,12.9667,77.2333,294.24,83,49,4.23,IN,1702575325
483,rodolfo sanchez taboada,31.7167,-116.5667,290.43,42,71,0.45,MX,1702575326
484,qamdo,31.1667,97.2333,263.75,57,78,2.92,CN,1702575327
485,uruburetama,-3.625,-39.5083,309.24,26,58,4.55,BR,1702575327
486,kowary,50.7931,15.8356,275.35,99,100,11.62,PL,1702575328
487,cidade velha,14.9167,-23.6167,301.41,54,72,6.69,CV,1702575328
488,stephenville,32.2207,-98.2023,286.59,55,100,5.14,US,1702575255
489,aliwal north,-30.6937,26.7114,291.41,62,54,2.52,ZA,1702575330
490,zuni pueblo,35.0725,-108.8506,276.5,44,38,4.55,US,1702575330
491,puerto baquerizo moreno,-0.9,-89.6,300.7,74,40,6.17,EC,1702575331
492,onega,63.9061,38.1404,261.57,94,98,2.87,RU,1702575331
493,siniscola,40.5719,9.6922,286.9,73,98,3.83,IT,1702575331
494,coahuayana de hidalgo,18.7,-103.6583,304.6,39,100,1.03,MX,1702575332
495,midvagur,62.0511,-7.1939,280.61,70,75,9.77,FO,1702575332
496,toamasina,-18.1667,49.3833,300.15,83,20,1.03,MG,1702575333
497,fort bragg,35.139,-79.006,283.82,30,0,4.12,US,1702575333
498,tindouf,27.6711,-8.1474,297.4,17,0,2.06,DZ,1702575334
499,kayangel,8.0823,134.7173,301.88,77,97,10.26,PW,1702575334
500,balaipungut,1.05,101.2833,296.52,98,100,0.76,ID,1702575335
501,masina,-4.3836,15.3914,297.4,92,100,0.13,CD,1702575335
502,camacupa,-12.0167,17.4833,291.06,91,99,1.16,AO,1702575336
503,broome,42.2506,-75.833,276.32,64,20,4.63,US,1702575336
504,andergrove,-21.0833,149.1833,296.84,74,100,3.36,AU,1702575337
505,swellendam,-34.0226,20.4417,290.93,61,74,3.82,ZA,1702575337
506,ceeldheer,3.8488,47.1806,299.96,75,5,7.87,SO,1702575337
507,tangalle,6.024,80.7911,298.68,88,100,5.18,LK,1702575338
508,mabini,15.6,120.9833,297.97,82,11,1.9,PH,1702575338
509,asosa,10.0667,34.5333,291.79,32,23,2.06,ET,1702575339
510,el abiodh sidi cheikh,32.893,0.5484,282.07,43,1,7.87,DZ,1702575339
511,cananeia,-25.0147,-47.9267,300.3,64,21,3.35,BR,1702575102
512,radzyn podlaski,51.7833,22.6167,273.86,98,100,3.92,PL,1702575340
513,chifeng,42.2683,118.9636,258.35,93,100,3.85,CN,1702575341
514,ferkessedougou,9.6,-5.2,301.74,15,0,1.33,CI,1702575341
515,likiep,9.8251,169.3107,300.38,83,49,9.42,MH,1702575342
516,tual,-5.6667,132.75,301.42,79,99,7.81,ID,1702575342
517,gadani,25.1185,66.7299,294.27,39,10,1.21,PK,1702575343
518,mossel bay,-34.1831,22.146,291.11,69,39,3.85,ZA,1702575343
519,kununurra,-15.7667,128.7333,302.14,84,100,0.0,AU,1702575322
520,lys'va,58.1086,57.8053,262.16,82,100,3.04,RU,1702575344
521,pocone,-16.2567,-56.6228,314.94,21,64,2.48,BR,1702575224
522,shalazhi,43.0978,45.3608,275.89,94,88,1.52,RU,1702575344
523,berezovo,63.9381,65.0419,258.98,97,100,1.65,RU,1702575349
524,thunder bay,48.4001,-89.3168,283.14,43,20,5.14,CA,1702575094
525,tsengel,49.4783,100.8894,247.79,71,6,2.28,MN,1702575350
526,sao joaquim,-28.2939,-49.9317,296.53,68,100,1.88,BR,1702575351
527,turmero,10.2239,-67.4729,301.06,61,54,1.22,VE,1702575351
528,san carlos,9.6612,-68.5827,306.2,43,41,1.71,VE,1702575351
529,kuusamo,65.9667,29.1833,262.17,92,94,3.09,FI,1702575352
530,twon-brass,4.3151,6.2418,301.42,70,12,4.25,NG,1702575352
531,manay,7.215,126.5397,298.73,82,60,2.87,PH,1702575352
532,bandar-e lengeh,26.5579,54.8807,296.21,46,20,7.2,IR,1702575353
533,huarmey,-10.0681,-78.1522,297.05,72,72,4.47,PE,1702575353
534,bandar lampung,-5.4254,105.258,297.01,88,92,3.15,ID,1702575353
535,naracoorte,-36.9579,140.7383,282.96,97,0,1.79,AU,1702575354
536,remire-montjoly,4.9167,-52.2667,305.17,62,0,5.66,GF,1702575354
537,watertown,42.3709,-71.1828,275.78,42,0,6.69,US,1702575297
538,bei'an,24.5399,109.533,294.8,89,52,2.2,CN,1702575354
539,vilhena,-12.7406,-60.1458,304.27,62,40,3.09,BR,1702575092
540,dizangue,3.7667,9.9833,300.27,73,38,2.02,CM,1702575355
541,sitia,35.2,26.0986,292.58,80,98,6.08,GR,1702575355
542,yulinshi,38.2906,109.7494,260.41,77,94,10.68,CN,1702575356
543,hamirpur,25.95,80.15,289.89,46,20,1.57,IN,1702575356
544,bryne,58.7354,5.6477,276.47,84,0,5.66,NO,1702575357
545,chibougamau,49.9168,-74.3659,264.94,79,100,6.69,CA,1702575357
546,holualoa,19.6228,-155.9522,294.06,92,75,10.29,US,1702575357
547,san antonio de pale,-1.4014,5.6325,300.64,79,7,4.38,GQ,1702575357
548,elliot lake,46.3834,-82.6331,276.67,72,81,5.9,CA,1702575358
549,ad dawadimi,24.5077,44.3924,286.79,45,0,2.67,SA,1702575358
550,cockburn town,21.4612,-71.1419,299.29,69,100,10.18,TC,1702575359
551,kingston,17.997,-76.7936,303.28,61,20,3.09,JM,1702575359
552,al jawf,29.5,38.75,287.44,53,0,1.9,SA,1702575359
553,mahina,-17.5065,-149.489,301.02,69,75,5.14,PF,1702575360
554,amvrosiyivka,47.7935,38.4777,273.63,87,100,7.39,UA,1702575360
555,chegdomyn,51.1167,133.0167,240.5,98,51,0.33,RU,1702575360
556,bakanas,44.8081,76.2772,257.86,87,5,7.87,KZ,1702575361
557,sungai penuh,-2.0833,101.3833,292.14,97,94,0.45,ID,1702575361
558,saint-francois,46.4154,3.9054,279.84,94,100,5.66,FR,1702575361
559,belyy yar,53.6039,91.3903,246.09,83,100,0.0,RU,1702575362
560,al bayda',32.7627,21.7551,287.68,44,96,8.19,LY,1702575362
561,dolinsk,47.35,142.8,261.33,81,98,5.16,RU,1702575363
562,ust'-ilimsk,58.0006,102.6619,250.5,95,100,3.13,RU,1702575363
563,adre,13.4667,22.2,293.44,16,8,4.59,TD,1702575364
564,sambava,-14.2667,50.1667,298.75,86,21,3.36,MG,1702575364
565,stauceni,47.0875,28.8703,277.59,97,20,4.63,MD,1702575365
566,east london,-33.0153,27.9116,293.67,68,0,9.26,ZA,1702575365
567,aranda de duero,41.6704,-3.6892,278.47,77,36,2.87,ES,1702575366
568,puerto san jose,13.9256,-90.8244,303.82,51,8,2.88,GT,1702575366
569,new amsterdam,6.25,-57.5167,305.05,53,61,3.68,GY,1702575367
570,abengourou,6.7297,-3.4964,299.13,40,0,0.99,CI,1702575368
571,menongue,-14.6585,17.691,291.92,70,100,1.69,AO,1702575368
572,huoqiu chengguanzhen,32.3547,116.2939,273.31,100,100,4.84,CN,1702575369
573,padang,-0.9492,100.3543,299.18,88,78,1.29,ID,1702575370
574,devgarh,25.5333,73.9,288.83,34,4,2.59,IN,1702575370
575,kingscliff,-28.2667,153.5667,297.44,78,96,2.57,AU,1702575371
576,saint-joseph,-21.3667,55.6167,299.36,84,31,3.45,RE,1702575372
577,dwarka,22.2394,68.9678,296.63,59,1,5.06,IN,1702575372
578,acarau,-2.8856,-40.12,303.61,56,56,9.36,BR,1702575373
579,the pas,53.8251,-101.2541,274.16,64,100,3.6,CA,1702575373
580,kegeyli shahar,42.7767,59.6078,264.2,42,100,6.18,UZ,1702575374
